<?xml version="1.0" encoding="UTF-8"?>
<model package="sitedashclient" baseClass="xPDOObject" platform="mysql" defaultEngine="MyISAM" version="1.1">
    <object class="imInvite" table="imInvites" extends="xPDOSimpleObject">
        <field key="signup_date" dbtype="datetime" phptype="datetime" null="true"/>
        <field key="invite_sent" dbtype="tinyint" precision="1" phptype="boolean" attributes="unsigned" null="false"
               default="0"/>
        <field key="invite_sent_date" dbtype="datetime" phptype="datetime" null="true"/>
        <field key="priority" dbtype="int" precision="10" phptype="int" attributes="unsigned" null="false" default="5"/>
        <field key="name" dbtype="varchar" precision="255" phptype="string" null="false" default=""/>
        <field key="username" dbtype="varchar" precision="255" phptype="string" null="false" default=""/>
        <field key="email" dbtype="varchar" precision="255" phptype="string" null="false" default=""/>
        <field key="extra" dbtype="varchar" precision="255" phptype="string" null="false" default=""/>

        <index alias="invite_sent" name="invite_sent" primary="false" unique="false" type="BTREE">
            <column key="invite_sent" length="" collation="A" null="false" />
        </index>
        <index alias="priority" name="priority" primary="false" unique="false" type="BTREE">
            <column key="priority" length="" collation="A" null="false" />
        </index>
        <index alias="username" name="username" primary="false" unique="false" type="BTREE">
            <column key="username" length="" collation="A" null="false" />
        </index>
        <index alias="extra" name="extra" primary="false" unique="false" type="BTREE">
            <column key="extra" length="" collation="A" null="false" />
        </index>
    </object>
</model>

